Month,keypoint_extraction,ksi_keypoint_semantic_integration,panopitic_segmentation_yolo,semantic_encoder,superglue_matching,ksi,total,frames_per_second
march,0.015637207370904384,0.35363867766875073,0.7512124303967256,0.055014639361355366,0.02606892491368571,0.4086533170301061,1.2015718797114217,0.35564444119185473
april,0.015624626701724374,0.3295057511443848,0.7428925710237319,0.04960740488557764,0.025764425468647906,0.37911315602996243,1.1633947792240666,0.3695624364650805
may,0.015628497217146514,0.25487818691514547,0.7434906382885205,0.031503753549246075,0.027637064985974954,0.2863819404643915,1.0731381409560337,0.4110729533650239
june,0.015696963798911463,0.2571921790741192,0.8101639321872166,0.02425253183583998,0.04399332372984399,0.28144471090995915,1.1512989306259311,0.38699052824172153
september,0.015677767287955457,0.15926892888596436,0.7459192505426091,0.012130983248409466,0.0416097255557018,0.17139991213437383,0.9746066555206401,0.47156171105190187
