Month,keypoint_extraction,ksi_keypoint_semantic_integration,panopitic_segmentation_yolo,semantic_encoder,superglue_matching,ksi,total,frames_per_second
march,0.038186041790834194,1.0051573476727225,0.2253266536141801,0.19996907346699364,0.09334126787344232,1.2051264211397161,1.5619803844181726,0.23099557854031805
april,0.03936599555835238,1.0191489656660517,0.21906638653260577,0.1888137940273713,0.09993012796956507,1.207962759693423,1.566325269753946,0.2303821905038172
may,0.03916154745105445,0.8028571322753116,0.1969315928114942,0.12261900182306168,0.10043922754434435,0.9254761340983733,1.2620085019052665,0.28989766322776434
june,0.03891028037629639,0.8391846246598957,0.19036810261031892,0.09099372712577075,0.13142487915550785,0.9301783517856665,1.2908816139277899,0.2847427775555858
september,0.03863234976797472,0.553122176441517,0.1811883190762914,0.04573116933868061,0.12831669793485032,0.5988533457801976,0.946990712559314,0.4011497318931556
